bragg_correction,debris_mode,anchor_count_user,test_cost_both_median,test_cost_both_mean,test_cost_both_std,n_runs,improved_runs,elapsed_seconds_median,best_seed,best_final_cost,best_run_dir,best_debris_alpha,best_debris_beta,anchor_count_min,anchor_count_max,anchor_median_cost_min,anchor_median_cost_max,n_anchor_settings,anchor_effect_ratio_max_to_min,anchor_effect_percent,anchor_effect_is_huge
5,without,40,0.1376847520774096,0.1376847520774096,0.0023116591139128863,2,2,12826.712564139998,22,0.13605016224217012,/root/usr/tracketcher/calibration/results/bragg_benchmark/bragg_5/debris_without/anchors_40/seed_22,,,40,40,0.1376847520774096,0.1376847520774096,1,1.0,0.0,False
3,fit,40,0.1397756148261557,0.1397756148261557,0.007311343564006743,2,2,15939.6188096025,11,0.13460571421246192,/root/usr/tracketcher/calibration/results/bragg_benchmark/bragg_3/debris_fit/anchors_40/seed_11,955479.1285066179,3.979128489783482,40,40,0.1397756148261557,0.1397756148261557,1,1.0,0.0,False
0,without,40,0.14052537832121176,0.14052537832121176,0.004419770087080402,2,2,12794.679023827997,22,0.13740012892135176,/root/usr/tracketcher/calibration/results/bragg_benchmark/bragg_0/debris_without/anchors_40/seed_22,,,40,40,0.14052537832121176,0.14052537832121176,1,1.0,0.0,False
5,fit,40,0.14157486154820614,0.14157486154820614,0.011285432943494484,2,2,15359.536092149996,22,0.13359485538523513,/root/usr/tracketcher/calibration/results/bragg_benchmark/bragg_5/debris_fit/anchors_40/seed_22,16.66149417855476,1.2028986661474677,40,40,0.14157486154820614,0.14157486154820614,1,1.0,0.0,False
0,fit,40,0.14186663091278634,0.14186663091278634,0.001369894092522984,2,2,15793.18876624,11,0.14089796951045597,/root/usr/tracketcher/calibration/results/bragg_benchmark/bragg_0/debris_fit/anchors_40/seed_11,3.410422605671598,3.9999422587743396,40,40,0.14186663091278634,0.14186663091278634,1,1.0,0.0,False
3,without,40,0.14869369042292863,0.14869369042292863,0.004796203157343155,2,2,12763.608675265,22,0.14530226264642296,/root/usr/tracketcher/calibration/results/bragg_benchmark/bragg_3/debris_without/anchors_40/seed_22,,,40,40,0.14869369042292863,0.14869369042292863,1,1.0,0.0,False
