bragg_correction,debris_mode,anchor_count_user,test_cost_both_median,test_cost_both_mean,test_cost_both_std,n_runs,improved_runs,elapsed_seconds_median,best_seed,best_final_cost,best_run_dir,best_debris_alpha,best_debris_beta,anchor_count_min,anchor_count_max,anchor_median_cost_min,anchor_median_cost_max,n_anchor_settings,anchor_effect_ratio_max_to_min,anchor_effect_percent,anchor_effect_is_huge
0,fit,40,0.13569581640644243,0.13569581640644243,,1,1,1957.0800655850035,11,0.13569581640644243,/root/usr/tracketcher/calibration/results/bragg_benchmark_fast/bragg_0/debris_fit/anchors_40/seed_11,4.504186790887526,3.9999422587743396,40,40,0.13569581640644243,0.13569581640644243,1,1.0,0.0,False
3,fit,40,0.13826510509779785,0.13826510509779785,,1,1,1945.1368404930035,11,0.13826510509779785,/root/usr/tracketcher/calibration/results/bragg_benchmark_fast/bragg_3/debris_fit/anchors_40/seed_11,3.0037368045557673,3.9999422587743396,40,40,0.13826510509779785,0.13826510509779785,1,1.0,0.0,False
5,without,40,0.14220795195683897,0.14220795195683897,,1,1,1574.0579623629965,11,0.14220795195683897,/root/usr/tracketcher/calibration/results/bragg_benchmark_fast/bragg_5/debris_without/anchors_40/seed_11,,,40,40,0.14220795195683897,0.14220795195683897,1,1.0,0.0,False
3,without,40,0.14294746614183265,0.14294746614183265,,1,1,1362.511647938998,11,0.14294746614183265,/root/usr/tracketcher/calibration/results/bragg_benchmark_fast/bragg_3/debris_without/anchors_40/seed_11,,,40,40,0.14294746614183265,0.14294746614183265,1,1.0,0.0,False
5,fit,40,0.15190155730449792,0.15190155730449792,,1,1,1660.1533983560003,11,0.15190155730449792,/root/usr/tracketcher/calibration/results/bragg_benchmark_fast/bragg_5/debris_fit/anchors_40/seed_11,7.506796370077964,1.1736021013476041,40,40,0.15190155730449792,0.15190155730449792,1,1.0,0.0,False
0,without,40,0.1634028840013872,0.1634028840013872,,1,1,1406.308237711004,11,0.1634028840013872,/root/usr/tracketcher/calibration/results/bragg_benchmark_fast/bragg_0/debris_without/anchors_40/seed_11,,,40,40,0.1634028840013872,0.1634028840013872,1,1.0,0.0,False
