{
  "name": "Doerschel_etching",
  "V_bulk_um_h": 1.73,
  "V_max_um_h": 100.0,
  "V_max_uncertainty_um_h": 5.115263265889307,
  "anchor_doses_Gy": [
    0.001,
    100.0,
    1000.0,
    10000.0,
    21544.346900318822,
    46415.88833612782,
    100000.0,
    215443.46900318822,
    464158.8833612782,
    1000000.0,
    2154434.6900318824,
    4641588.833612773,
    10000000.0,
    21544346.900318824,
    46415888.33612773,
    100000000.0,
    1000000000.0
  ],
  "anchor_velocities_um_h": [
    1.73,
    1.73016044103984,
    1.7301604430845687,
    1.7301604611795156,
    1.7301604923124645,
    1.7302141139654423,
    1.7302654376187288,
    1.7302654387840601,
    1.8531846492207886,
    1.8614834215674412,
    2.063053727909972,
    2.3429665835898352,
    2.512707884627541,
    3.7844470548250797,
    5.796747249913689,
    10.359467365079638,
    99.99149095394164
  ],
  "anchor_velocity_uncertainties_um_h": [
    0.0346,
    0.0975321268343697,
    0.0975307026261057,
    0.0975671376452783,
    0.0977062356721335,
    0.0825104217474753,
    0.1085008616940364,
    0.1085010421146749,
    0.13706369298441577,
    0.137229668431348825,
    0.14126107455819944,
    0.15554759796050469,
    0.18154399948085776,
    0.2756889410965016,
    0.11593494499827378,
    0.20718934730159277,
    3.115263265889307
  ],
  "extrapolation_mode": "pchip",
  "debris_alpha": 50.117704545098704,
  "debris_beta": 2.7656543206968776
}