{
  "name": "Doerschel_etching",
  "V_bulk_um_h": 1.73,
  "V_max_um_h": 100.0,
  "V_max_uncertainty_um_h": 1.855967250581455,
  "anchor_doses_Gy": [
    0.001,
    100.0,
    1000.0,
    10000.0,
    21544.346900318822,
    46415.88833612782,
    100000.0,
    125892.54117941661,
    158489.3192461114,
    199526.2314968879,
    251188.6431509582,
    316227.7660168379,
    398107.1705534969,
    501187.2336272725,
    630957.344480193,
    794328.2347242822,
    1000000.0,
    1258925.411794166,
    1584893.1924611141,
    1995262.3149688789,
    2511886.4315095823,
    3162277.6601683795,
    3981071.7055349695,
    5011872.336272725,
    6309573.44480193,
    7943282.347242822,
    10000000.0,
    12589254.117941663,
    15848931.924611142,
    19952623.14968883,
    25118864.315095823,
    31622776.60168379,
    39810717.05534969,
    50118723.36272725,
    63095734.44801943,
    79432823.47242822,
    100000000.0,
    177827941.00389227,
    316227766.01683795,
    562341325.1903491,
    1000000000.0
  ],
  "anchor_velocities_um_h": [
    1.73,
    1.7328702687405895,
    1.7339645047692596,
    1.7434761767490754,
    1.7631598574129839,
    1.7643176104694462,
    1.7780496930911076,
    1.7806528988258397,
    1.7851436631237203,
    1.7876655107836708,
    1.791528192730173,
    1.793108339985454,
    1.7961450647151571,
    1.7991232866984443,
    1.8022065126715152,
    1.8042895810027408,
    1.8081014113861895,
    1.811758097472675,
    1.8393955885972841,
    1.9885271674586098,
    2.095255470776105,
    2.167915479463624,
    2.1773756306992986,
    2.2309518905994334,
    2.5710230326271355,
    2.6221005697701965,
    2.8288816068936566,
    2.8288981331652168,
    2.8289188931525406,
    2.8289541196038814,
    3.66997910674418,
    5.026232991955743,
    6.548875722414821,
    6.549381868529469,
    6.549453800231048,
    6.5496211075632305,
    15.725688123505902,
    20.37687937413121,
    33.896825754897975,
    92.79377175559397,
    92.79836252907275
  ],
  "anchor_velocity_uncertainties_um_h": [
    0.0346,
    0.03465740537481179,
    0.034679290095385194,
    0.03486952353498151,
    0.4236927643630203,
    0.4522786840030905,
    0.9634295927493558,
    0.9678707649233952,
    1.22766385536739,
    1.5674501747298224,
    2.518978708480592,
    2.5620093352059774,
    2.1485475754631698,
    1.676162425232142,
    1.5321786404157156,
    1.401143470715636,
    1.2163614155059967,
    1.1815597218571379,
    2.2719109434863456,
    2.222032170214383,
    1.1415288618649497,
    1.1313512558166554,
    0.6798563035643918,
    0.7186825560412243,
    0.12637033201257614,
    0.05244201139540393,
    0.12492740467004745,
    0.12493335631253878,
    0.12501051993511508,
    0.12531035574406074,
    0.7863491122359768,
    0.7919221978061346,
    0.13097751444829642,
    0.13098763737058938,
    0.13098907600462098,
    0.1309924221512646,
    0.31451376247011803,
    0.5970276096218552,
    3.7413647489837474,
    1.8558754351118794,
    1.855967250581455
  ],
  "extrapolation_mode": "pchip",
  "debris_alpha": 10.488453298894855,
  "debris_beta": 1.1733910537622545
}