{
  "name": "Doerschel_etching",
  "V_bulk_um_h": 1.73,
  "V_max_um_h": 100.0,
  "V_max_uncertainty_um_h": 8.322281692861123,
  "anchor_doses_Gy": [
    0.001,
    100.0,
    10000.0,
    31622.776601683792,
    100000.0,
    237137.37056616554,
    562341.3251903491,
    1333521.432163324,
    3162277.6601683795,
    7498942.093324558,
    17782794.100389227,
    42169650.342858225,
    100000000.0,
    1000000000.0
  ],
  "anchor_velocities_um_h": [
    1.73,
    1.7722745958779738,
    1.8055135419252157,
    1.934337911217451,
    1.9429304969587473,
    2.18881199713672,
    2.199057329524819,
    2.3626080097098825,
    2.439817422350564,
    2.5871586093465084,
    2.954025314321479,
    5.75319577937238,
    10.089309684704848,
    88.30593825964475
  ],
  "anchor_velocity_uncertainties_um_h": [
    0.0346,
    0.4670112122185652,
    5.088253928348727,
    6.265837626654851,
    6.199807196196782,
    3.378839880422098,
    3.1014721779715413,
    0.04725216019419765,
    0.23512886353977802,
    0.05174317218693017,
    0.47407857540789694,
    0.1150639155874476,
    0.40138504004371267,
    8.322281692861123
  ],
  "extrapolation_mode": "pchip",
  "debris_alpha": 699.833485055439,
  "debris_beta": 1.5103813534152948
}